{
  "target": "valorTotalVencedor",
  "populacao": 110675,
  "amostra_indicada": 383,
  "amostra_usada": 110675,
  "treino": 88540,
  "teste": 22135,
  "features": 20,
  "features_com_possivel_vazamento": 16,
  "r2_treino_ols": 0.9356867239276331,
  "r2_ajustado_treino_ols": 0.9356721929735843,
  "f_statistic": 64392.65589747889,
  "prob_f": 0.0,
  "treino_mae": 19559.155113494373,
  "treino_rmse": 137355.5234405079,
  "treino_mape_pct": 6890.053875306779,
  "treino_r2": 0.9596288288146009,
  "teste_mae": 21611.35593519654,
  "teste_rmse": 167076.90708503165,
  "teste_mape_pct": 7396.342524547079,
  "teste_r2": 0.8867818116940768
}